"M_FECHA_DIA","PAYLOAD_4G","FIESTA","PAYLOAD_4G_smoo_mean","PAYLOAD_4G_smoothed","year"
2021-01-01,648.99,0,648.99,648.99,2021
2021-01-02,747.42,0,747.42,747.42,2021
2021-01-03,698.03,0,698.03,698.03,2021
2021-01-04,650.74,0,650.74,650.74,2021
2021-01-05,610.65,0,610.65,610.65,2021
2021-01-06,580.37,0,580.37,580.37,2021
2021-01-07,572.6,0,572.6,572.6,2021
2021-01-08,589.97,0,589.97,589.97,2021
2021-01-09,634.73,0,634.73,634.73,2021
2021-01-10,564.78,0,564.78,564.78,2021
2021-01-11,551.92,0,551.92,551.92,2021
2021-01-12,571.68,0,571.68,571.68,2021
2021-01-13,586.84,0,586.84,586.84,2021
2021-01-14,579.36,0,579.36,579.36,2021
2021-01-15,613.96,0,613.96,613.96,2021
2021-01-16,481.22,0,481.22,481.22,2021
2021-01-17,497.94,0,497.94,497.94,2021
2021-01-18,535.28,0,535.28,535.28,2021
2021-01-19,553.87,0,553.87,553.87,2021
2021-01-20,571.67,0,571.67,571.67,2021
2021-01-21,571.92,0,571.92,571.92,2021
2021-01-22,636.73,0,636.73,636.73,2021
2021-01-23,525.86,0,525.86,525.86,2021
2021-01-24,505.68,0,505.68,505.68,2021
2021-01-25,561.81,0,561.81,561.81,2021
2021-01-26,588.54,0,588.54,588.54,2021
2021-01-27,592.66,0,592.66,592.66,2021
2021-01-28,594.97,0,594.97,594.97,2021
2021-01-29,601.25,0,601.25,601.25,2021
2021-01-30,682.05,0,682.05,682.05,2021
2021-01-31,582.59,0,582.59,582.59,2021
2021-02-01,619.62,0,619.62,619.62,2021
2021-02-02,621.43,0,621.43,621.43,2021
2021-02-03,605.19,0,605.19,605.19,2021
2021-02-04,644.38,0,644.38,644.38,2021
2021-02-05,631.48,0,631.48,631.48,2021
2021-02-06,675.53,0,675.53,675.53,2021
2021-02-07,606.1,0,606.1,606.1,2021
2021-02-08,596.46,0,596.46,596.46,2021
2021-02-09,603.48,0,603.48,603.48,2021
2021-02-10,588.05,0,588.05,588.05,2021
2021-02-11,579.24,0,579.24,579.24,2021
2021-02-12,638.75,0,638.75,638.75,2021
2021-02-13,682.22,0,682.22,682.22,2021
2021-02-14,613.62,0,613.62,613.62,2021
2021-02-15,638.12,0,638.12,638.12,2021
2021-02-16,651.06,0,651.06,651.06,2021
2021-02-17,646.5,0,646.5,646.5,2021
2021-02-18,595.45,0,595.45,595.45,2021
2021-02-19,588.72,0,588.72,588.72,2021
2021-02-20,643.66,0,643.66,643.66,2021
2021-02-21,632.38,0,632.38,632.38,2021
2021-02-22,569.45,0,569.45,569.45,2021
2021-02-23,557.01,0,557.01,557.01,2021
2021-02-24,606.71,0,606.71,606.71,2021
2021-02-25,654.19,0,654.19,654.19,2021
2021-02-26,716.44,0,716.44,716.44,2021
2021-02-27,710.35,0,710.35,710.35,2021
2021-02-28,631.06,0,631.06,631.06,2021
2021-03-01,626.13,0,626.13,626.13,2021
2021-03-02,619.79,0,619.79,619.79,2021
2021-03-03,598.78,0,598.78,598.78,2021
2021-03-04,620.82,0,620.82,620.82,2021
2021-03-05,654.73,0,654.73,654.73,2021
2021-03-06,689.21,0,689.21,689.21,2021
2021-03-07,624.58,0,624.58,624.58,2021
2021-03-08,667.79,0,667.79,667.79,2021
2021-03-09,652.09,0,652.09,652.09,2021
2021-03-10,649.01,0,649.01,649.01,2021
2021-03-11,648.22,0,648.22,648.22,2021
2021-03-12,645.47,0,645.47,645.47,2021
2021-03-13,724.68,0,724.68,724.68,2021
2021-03-14,633.04,0,633.04,633.04,2021
2021-03-15,634.26,0,634.26,634.26,2021
2021-03-16,672.58,0,672.58,672.58,2021
2021-03-17,712.86,0,712.86,712.86,2021
2021-03-18,700.02,0,700.02,700.02,2021
2021-03-19,727.58,0,727.58,727.58,2021
2021-03-20,803.6,0,803.6,803.6,2021
2021-03-21,791.88,0,791.88,791.88,2021
2021-03-22,491.93,0,491.93,491.93,2021
2021-03-23,685.78,0,685.78,685.78,2021
2021-03-24,631.83,0,631.83,631.83,2021
2021-03-25,637.46,0,637.46,637.46,2021
2021-03-26,709.28,0,709.28,709.28,2021
2021-03-27,782,0,782,782,2021
2021-03-28,720.02,0,720.02,720.02,2021
2021-03-29,703.2,0,703.2,703.2,2021
2021-03-30,751.04,0,751.04,751.04,2021
2021-03-31,774.08,0,774.08,774.08,2021
2021-04-01,734.44,0,734.44,734.44,2021
2021-04-02,709.99,0,709.99,709.99,2021
2021-04-03,784.4,0,784.4,784.4,2021
2021-04-04,705.65,0,705.65,705.65,2021
2021-04-05,668.61,0,668.61,668.61,2021
2021-04-06,672.01,0,672.01,672.01,2021
2021-04-07,648.84,0,648.84,648.84,2021
2021-04-08,664.27,0,664.27,664.27,2021
2021-04-09,656.36,0,656.36,656.36,2021
2021-04-10,725.72,0,725.72,725.72,2021
2021-04-11,642.63,0,642.63,642.63,2021
2021-04-12,682.55,0,682.55,682.55,2021
2021-04-13,665.11,0,665.11,665.11,2021
2021-04-14,685.65,0,685.65,685.65,2021
2021-04-15,730.83,0,730.83,730.83,2021
2021-04-16,738.3,0,738.3,738.3,2021
2021-04-17,742.61,0,742.61,742.61,2021
2021-04-18,702.64,0,702.64,702.64,2021
2021-04-19,712.84,0,712.84,712.84,2021
2021-04-20,711.87,0,711.87,711.87,2021
2021-04-21,690.67,0,690.67,690.67,2021
2021-04-22,726.56,0,726.56,726.56,2021
2021-04-23,780.06,0,780.06,780.06,2021
2021-04-24,775.84,0,775.84,775.84,2021
2021-04-25,691.69,0,691.69,691.69,2021
2021-04-26,728.88,0,728.88,728.88,2021
2021-04-27,725.93,0,725.93,725.93,2021
2021-04-28,744.65,0,744.65,744.65,2021
2021-04-29,537.6,0,726.118666666667,741.13,2021
2021-04-30,746.57,0,746.57,746.57,2021
2021-05-01,741.95,0,741.95,741.95,2021
2021-05-02,709.9,0,709.9,709.9,2021
2021-05-03,738.19,0,738.19,738.19,2021
2021-05-04,741.13,0,741.13,741.13,2021
2021-05-05,748.43,0,748.43,748.43,2021
2021-05-06,754.4,0,754.4,754.4,2021
2021-05-07,755.44,0,755.44,755.44,2021
2021-05-08,727.28,0,727.28,727.28,2021
2021-05-09,722.03,0,722.03,722.03,2021
2021-05-10,714.66,0,714.66,714.66,2021
2021-05-11,740.29,0,740.29,740.29,2021
2021-05-12,718.89,0,718.89,718.89,2021
2021-05-13,712.78,0,712.78,712.78,2021
2021-05-14,766.22,0,766.22,766.22,2021
2021-05-15,804.01,0,804.01,804.01,2021
2021-05-16,792.75,0,792.75,792.75,2021
2021-05-17,732.89,0,732.89,732.89,2021
2021-05-18,761.25,0,761.25,761.25,2021
2021-05-19,744.11,0,744.11,744.11,2021
2021-05-20,769.35,0,769.35,769.35,2021
2021-05-21,682,0,682,682,2021
2021-05-22,806.9,0,806.9,806.9,2021
2021-05-23,732.65,0,732.65,732.65,2021
2021-05-24,737,0,737,737,2021
2021-05-25,800.89,0,800.89,800.89,2021
2021-05-26,780.75,0,780.75,780.75,2021
2021-05-27,779.42,0,779.42,779.42,2021
2021-05-28,823.26,0,823.26,823.26,2021
2021-05-29,838.75,0,838.75,838.75,2021
2021-05-30,784.71,0,784.71,784.71,2021
2021-05-31,754.81,0,754.81,754.81,2021
2021-06-01,714.02,0,714.02,714.02,2021
2021-06-02,765.79,0,765.79,765.79,2021
2021-06-03,797.21,0,797.21,797.21,2021
2021-06-04,818.66,0,818.66,818.66,2021
2021-06-05,852.63,0,852.63,852.63,2021
2021-06-06,827.54,0,827.54,827.54,2021
2021-06-07,784.15,0,784.15,784.15,2021
2021-06-08,767.47,0,767.47,767.47,2021
2021-06-09,778.88,0,778.88,778.88,2021
2021-06-10,766.35,0,766.35,766.35,2021
2021-06-11,821.94,0,821.94,821.94,2021
2021-06-12,819.36,0,819.36,819.36,2021
2021-06-13,829.73,0,829.73,829.73,2021
2021-06-14,780.48,0,780.48,780.48,2021
2021-06-15,716.77,0,716.77,716.77,2021
2021-06-16,740.94,0,740.94,740.94,2021
2021-06-17,789.62,0,789.62,789.62,2021
2021-06-18,789.98,0,789.98,789.98,2021
2021-06-19,817.14,0,817.14,817.14,2021
2021-06-20,782.99,0,782.99,782.99,2021
2021-06-21,761.57,0,761.57,761.57,2021
2021-06-22,789.84,0,789.84,789.84,2021
2021-06-23,816.18,0,816.18,816.18,2021
2021-06-24,777.34,0,777.34,777.34,2021
2021-06-25,846.04,0,846.04,846.04,2021
2021-06-26,672.05,0,672.05,672.05,2021
2021-06-27,723.56,0,723.56,723.56,2021
2021-06-28,747.9,0,747.9,747.9,2021
2021-06-29,593.58,0,593.58,593.58,2021
2021-06-30,707.01,0,707.01,707.01,2021
2021-07-01,657.23,0,657.23,657.23,2021
2021-07-02,600.78,0,600.78,600.78,2021
2021-07-03,616.92,0,616.92,616.92,2021
2021-07-04,579.25,0,579.25,579.25,2021
2021-07-05,530.31,0,530.31,530.31,2021
2021-07-06,571.96,0,571.96,571.96,2021
2021-07-07,550.12,0,550.12,550.12,2021
2021-07-08,570.36,0,570.36,570.36,2021
2021-07-09,599.12,0,599.12,599.12,2021
2021-07-10,627.3,0,627.3,627.3,2021
2021-07-11,702.76,0,702.76,702.76,2021
2021-07-12,603.67,0,603.67,603.67,2021
2021-07-13,624.92,0,624.92,624.92,2021
2021-07-14,539.61,0,539.61,539.61,2021
2021-07-15,576.63,0,576.63,576.63,2021
2021-07-16,573.48,0,573.48,573.48,2021
2021-07-17,548.3,0,548.3,548.3,2021
2021-07-18,661.98,0,661.98,661.98,2021
2021-07-19,597.25,0,597.25,597.25,2021
2021-07-20,557.37,0,557.37,557.37,2021
2021-07-21,647.19,0,647.19,647.19,2021
2021-07-22,699.16,0,699.16,699.16,2021
2021-07-23,838.58,0,838.58,838.58,2021
2021-07-24,860.33,0,860.33,860.33,2021
2021-07-25,808.16,0,808.16,808.16,2021
2021-07-26,833.11,0,833.11,833.11,2021
2021-07-27,837.1,0,837.1,837.1,2021
2021-07-28,837.74,0,837.74,837.74,2021
2021-07-29,831.84,0,831.84,831.84,2021
2021-07-30,828.55,0,828.55,828.55,2021
2021-07-31,851.13,0,851.13,851.13,2021
2021-08-01,814.7,0,814.7,814.7,2021
2021-08-02,747.08,0,825.127333333333,832.75,2021
2021-08-03,802.82,0,802.82,802.82,2021
2021-08-04,835.31,0,835.31,835.31,2021
2021-08-05,826.51,0,826.51,826.51,2021
2021-08-06,839.09,0,839.09,839.09,2021
2021-08-07,857.45,0,857.45,857.45,2021
2021-08-08,801.73,0,801.73,801.73,2021
2021-08-09,832.75,0,832.75,832.75,2021
2021-08-10,819.65,0,819.65,819.65,2021
2021-08-11,813.56,0,813.56,813.56,2021
2021-08-12,791.53,0,791.53,791.53,2021
2021-08-13,843.19,0,843.19,843.19,2021
2021-08-14,884.21,0,884.21,884.21,2021
2021-08-15,398.17,0,760.033333333333,814.09,2021
2021-08-16,450.52,0,763.322,819.65,2021
2021-08-17,675.14,0,675.14,675.14,2021
2021-08-18,741.8,0,741.8,741.8,2021
2021-08-19,814.09,0,814.09,814.09,2021
2021-08-20,863.6,0,863.6,863.6,2021
2021-08-21,845.73,0,845.73,845.73,2021
2021-08-22,824.83,0,824.83,824.83,2021
2021-08-23,851.06,0,851.06,851.06,2021
2021-08-24,798.6,0,798.6,798.6,2021
2021-08-25,831.68,0,831.68,831.68,2021
2021-08-26,858.31,0,858.31,858.31,2021
2021-08-27,869.4,0,869.4,869.4,2021
2021-08-28,360.46,0,809.300666666667,845.73,2021
2021-08-29,850.14,0,850.14,850.14,2021
2021-08-30,822.69,0,822.69,822.69,2021
2021-08-31,823.38,0,823.38,823.38,2021
2021-09-01,805.77,0,805.77,805.77,2021
2021-09-02,854.18,0,854.18,854.18,2021
2021-09-03,885.16,0,885.16,885.16,2021
2021-09-04,858.12,0,858.12,858.12,2021
2021-09-05,843.92,0,843.92,843.92,2021
2021-09-06,829.49,0,829.49,829.49,2021
2021-09-07,854.79,0,854.79,854.79,2021
2021-09-08,851.78,0,851.78,851.78,2021
2021-09-09,863.8,0,863.8,863.8,2021
2021-09-10,893.16,0,893.16,893.16,2021
2021-09-11,909.12,0,909.12,909.12,2021
2021-09-12,848.53,0,848.53,848.53,2021
2021-09-13,852.08,0,852.08,852.08,2021
2021-09-14,849.98,0,849.98,849.98,2021
2021-09-15,836.8,0,836.8,836.8,2021
2021-09-16,873.64,0,873.64,873.64,2021
2021-09-17,891.66,0,891.66,891.66,2021
2021-09-18,915.85,0,915.85,915.85,2021
2021-09-19,867.43,0,867.43,867.43,2021
2021-09-20,853.56,0,853.56,853.56,2021
2021-09-21,849.35,0,849.35,849.35,2021
2021-09-22,841.84,0,841.84,841.84,2021
2021-09-23,859.59,0,859.59,859.59,2021
2021-09-24,869.38,0,869.38,869.38,2021
2021-09-25,902.15,0,902.15,902.15,2021
2021-09-26,901.04,0,901.04,901.04,2021
2021-09-27,861.13,0,861.13,861.13,2021
2021-09-28,872.83,0,872.83,872.83,2021
2021-09-29,890.6,0,890.6,890.6,2021
2021-09-30,898.72,0,898.72,898.72,2021
2021-10-01,860.03,0,860.03,860.03,2021
2021-10-02,917.5,0,917.5,917.5,2021
2021-10-03,903.71,0,903.71,903.71,2021
2021-10-04,777.66,0,777.66,777.66,2021
2021-10-05,841.53,0,841.53,841.53,2021
2021-10-06,880.28,0,880.28,880.28,2021
2021-10-07,875.94,0,875.94,875.94,2021
2021-10-08,890.1,0,890.1,890.1,2021
2021-10-09,906.13,0,906.13,906.13,2021
2021-10-10,892.64,0,892.64,892.64,2021
2021-10-11,816.56,0,816.56,816.56,2021
2021-10-12,884.76,0,884.76,884.76,2021
2021-10-13,855.34,0,855.34,855.34,2021
2021-10-14,903.4,1,903.4,903.4,2021
2021-10-15,918.13,1,918.13,918.13,2021
2021-10-16,958.49,1,958.49,958.49,2021
2021-10-17,965.45,1,965.45,965.45,2021
2021-10-18,942.11,1,942.11,942.11,2021
2021-10-19,904.48,0,904.48,904.48,2021
2021-10-20,887.25,0,887.25,887.25,2021
2021-10-21,867.96,0,867.96,867.96,2021
2021-10-22,907.31,0,907.31,907.31,2021
2021-10-23,902.09,0,902.09,902.09,2021
2021-10-24,876.3,0,876.3,876.3,2021
2021-10-25,894.94,0,894.94,894.94,2021
2021-10-26,886.18,0,886.18,886.18,2021
2021-10-27,892.56,0,892.56,892.56,2021
2021-10-28,860.29,0,860.29,860.29,2021
2021-10-29,841.66,0,841.66,841.66,2021
2021-10-30,938.25,0,938.25,938.25,2021
2021-10-31,966.03,0,966.03,966.03,2021
2021-11-01,912.26,0,912.26,912.26,2021
2021-11-02,898.09,0,898.09,898.09,2021
2021-11-03,909.85,0,909.85,909.85,2021
2021-11-04,900.73,0,900.73,900.73,2021
2021-11-05,906.53,0,906.53,906.53,2021
2021-11-06,921.54,0,921.54,921.54,2021
2021-11-07,901.39,0,901.39,901.39,2021
2021-11-08,872.1,0,872.1,872.1,2021
2021-11-09,900.72,0,900.72,900.72,2021
2021-11-10,863.13,0,863.13,863.13,2021
2021-11-11,896.98,0,896.98,896.98,2021
2021-11-12,924.2,0,924.2,924.2,2021
2021-11-13,932.97,0,932.97,932.97,2021
2021-11-14,932.91,0,932.91,932.91,2021
2021-11-15,890.47,0,890.47,890.47,2021
2021-11-16,898.46,0,898.46,898.46,2021
2021-11-17,876.46,0,876.46,876.46,2021
2021-11-18,883.91,0,883.91,883.91,2021
2021-11-19,898.88,0,898.88,898.88,2021
2021-11-20,905.07,0,905.07,905.07,2021
2021-11-21,882.41,0,882.41,882.41,2021
2021-11-22,860.34,0,860.34,860.34,2021
2021-11-23,836.31,0,836.31,836.31,2021
2021-11-24,867.08,0,867.08,867.08,2021
2021-11-25,893.53,0,893.53,893.53,2021
2021-11-26,876.95,0,876.95,876.95,2021
2021-11-27,943.15,0,943.15,943.15,2021
2021-11-28,868.89,0,868.89,868.89,2021
2021-11-29,851.18,0,851.18,851.18,2021
2021-11-30,892.88,0,892.88,892.88,2021
2021-12-01,912.81,0,912.81,912.81,2021
2021-12-02,929.52,0,929.52,929.52,2021
2021-12-03,945.84,0,945.84,945.84,2021
2021-12-04,952.4,0,952.4,952.4,2021
2021-12-05,904.43,0,904.43,904.43,2021
2021-12-06,903.08,0,903.08,903.08,2021
2021-12-07,937.15,0,937.15,937.15,2021
2021-12-08,874.9,0,874.9,874.9,2021
2021-12-09,909.38,0,909.38,909.38,2021
2021-12-10,930.51,0,930.51,930.51,2021
2021-12-11,955.87,0,955.87,955.87,2021
2021-12-12,887.55,0,887.55,887.55,2021
2021-12-13,916.28,0,916.28,916.28,2021
2021-12-14,911.4,0,911.4,911.4,2021
2021-12-15,529.28,0,858.548666666667,916.28,2021
2021-12-16,353.74,0,864.235333333333,926.4,2021
2021-12-17,926.4,0,926.4,926.4,2021
2021-12-18,1003.16,0,1003.16,1003.16,2021
2021-12-19,851.4,0,851.4,851.4,2021
2021-12-20,943.6,0,943.6,943.6,2021
2021-12-21,932.65,0,932.65,932.65,2021
2021-12-22,952.11,0,952.11,952.11,2021
2021-12-23,960.2,0,960.2,960.2,2021
2021-12-24,955.45,0,955.45,955.45,2021
2021-12-25,927.27,0,927.27,927.27,2021
2021-12-26,947.03,0,947.03,947.03,2021
2021-12-27,928.2,0,928.2,928.2,2021
2021-12-28,952.88,0,952.88,952.88,2021
2021-12-29,941.08,0,941.08,941.08,2021
2021-12-30,997.15,0,997.15,997.15,2021
2021-12-31,1021.01,0,1021.01,1021.01,2021
2022-01-01,995.74,0,995.74,995.74,2022
2022-01-02,996.51,0,996.51,996.51,2022
2022-01-03,1023.07,0,1023.07,1023.07,2022
2022-01-04,963.89,0,963.89,963.89,2022
2022-01-05,962.24,0,962.24,962.24,2022
2022-01-06,971.08,0,971.08,971.08,2022
2022-01-07,961.98,0,961.98,961.98,2022
2022-01-08,945.05,0,945.05,945.05,2022
2022-01-09,999.57,0,999.57,999.57,2022
2022-01-10,943.99,0,943.99,943.99,2022
2022-01-11,942.4,0,942.4,942.4,2022
2022-01-12,941.5,0,941.5,941.5,2022
2022-01-13,961.6,0,961.6,961.6,2022
2022-01-14,962.03,0,962.03,962.03,2022
2022-01-15,804.53,0,948.536666666667,961.6,2022
2022-01-16,975.6,0,975.6,975.6,2022
2022-01-17,999.41,0,999.41,999.41,2022
2022-01-18,956.53,0,956.53,956.53,2022
2022-01-19,882.67,0,882.67,882.67,2022
2022-01-20,963.3,0,963.3,963.3,2022
2022-01-21,980.19,0,980.19,980.19,2022
2022-01-22,969.68,0,969.68,969.68,2022
2022-01-23,969.73,0,969.73,969.73,2022
2022-01-24,963.86,0,963.86,963.86,2022
2022-01-25,774.93,0,1012.08266666667,774.93,2022
2022-01-26,1189.38,0,1189.38,1189.38,2022
2022-01-27,1227.4,0,1227.4,1227.4,2022
2022-01-28,991.89,0,991.89,991.89,2022
2022-01-29,1153.5,0,1153.5,1153.5,2022
2022-01-30,1010.71,0,1010.71,1010.71,2022
2022-01-31,1106.39,0,1106.39,1106.39,2022
2022-02-01,1041.08,0,1041.08,1041.08,2022
2022-02-02,933.03,0,933.03,933.03,2022
2022-02-03,1088.23,0,1088.23,1088.23,2022
2022-02-04,1127.22,0,1127.22,1127.22,2022
2022-02-05,1164.43,0,1164.43,1164.43,2022
2022-02-06,979.01,0,979.01,979.01,2022
2022-02-07,1036.1,0,1036.1,1036.1,2022
2022-02-08,1036.24,0,1036.24,1036.24,2022
2022-02-09,1055.74,0,1055.74,1055.74,2022
2022-02-10,1034.86,0,1034.86,1034.86,2022
2022-02-11,1093.01,0,1093.01,1093.01,2022
2022-02-12,1167.69,0,1167.69,1167.69,2022
2022-02-13,992.17,0,992.17,992.17,2022
2022-02-14,1028.28,0,1028.28,1028.28,2022
2022-02-15,1080.16,0,1080.16,1080.16,2022
2022-02-16,1105.96,0,1105.96,1105.96,2022
2022-02-17,1127.63,0,1127.63,1127.63,2022
2022-02-18,1190.91,0,1190.91,1190.91,2022
2022-02-19,1287.31,0,1287.31,1287.31,2022
2022-02-20,999.72,0,999.72,999.72,2022
2022-02-21,1096.89,0,1096.89,1096.89,2022
2022-02-22,1033.16,0,1033.16,1033.16,2022
2022-02-23,1063.81,0,1063.81,1063.81,2022
2022-02-24,1130.91,0,1130.91,1130.91,2022
2022-02-25,1189.82,0,1189.82,1189.82,2022
2022-02-26,1219.63,0,1219.63,1219.63,2022
2022-02-27,1042.63,0,1042.63,1042.63,2022
2022-02-28,1067.71,0,1067.71,1067.71,2022
2022-03-01,1046.95,0,1046.95,1046.95,2022
2022-03-02,1043.32,0,1043.32,1043.32,2022
2022-03-03,927.85,0,927.85,927.85,2022
2022-03-04,1040.9,0,1040.9,1040.9,2022
2022-03-05,1255.27,0,1255.27,1255.27,2022
2022-03-06,1108.17,0,1108.17,1108.17,2022
2022-03-07,1143.44,0,1143.44,1143.44,2022
2022-03-08,1218.53,0,1218.53,1218.53,2022
2022-03-09,1184.99,0,1184.99,1184.99,2022
2022-03-10,1222.02,0,1222.02,1222.02,2022
2022-03-11,1284.31,0,1284.31,1284.31,2022
2022-03-12,1271.32,0,1271.32,1271.32,2022
2022-03-13,1031.62,0,1031.62,1031.62,2022
2022-03-14,1143.23,0,1143.23,1143.23,2022
2022-03-15,1223.06,0,1223.06,1223.06,2022
2022-03-16,1182.69,0,1182.69,1182.69,2022
2022-03-17,1179.74,0,1179.74,1179.74,2022
2022-03-18,1308.63,0,1308.63,1308.63,2022
2022-03-19,1430.65,0,1430.65,1430.65,2022
2022-03-20,1292.8,0,1292.8,1292.8,2022
2022-03-21,1206.97,0,1206.97,1206.97,2022
2022-03-22,1102.09,0,1102.09,1102.09,2022
2022-03-23,1253.41,0,1253.41,1253.41,2022
2022-03-24,1205.96,0,1205.96,1205.96,2022
2022-03-25,1201.12,0,1201.12,1201.12,2022
2022-03-26,1285.24,0,1285.24,1285.24,2022
2022-03-27,1043.17,0,1043.17,1043.17,2022
2022-03-28,1122.25,0,1122.25,1122.25,2022
2022-03-29,1258.49,0,1258.49,1258.49,2022
2022-03-30,1139.16,0,1139.16,1139.16,2022
2022-03-31,1216.2,0,1216.2,1216.2,2022
2022-04-01,1246.47,0,1246.47,1246.47,2022
2022-04-02,987.87,0,987.87,987.87,2022
2022-04-03,953.96,0,953.96,953.96,2022
2022-04-04,884.13,0,884.13,884.13,2022
2022-04-05,1168.14,0,1168.14,1168.14,2022
2022-04-06,1195.66,0,1195.66,1195.66,2022
2022-04-07,1222.76,0,1222.76,1222.76,2022
2022-04-08,1320.26,0,1320.26,1320.26,2022
2022-04-09,1282.75,0,1282.75,1282.75,2022
2022-04-10,1319.32,0,1319.32,1319.32,2022
2022-04-11,1261.15,0,1261.15,1261.15,2022
2022-04-12,1238,0,1238,1238,2022
2022-04-13,1315.8,0,1315.8,1315.8,2022
2022-04-14,1399.3,0,1399.3,1399.3,2022
2022-04-15,1304.75,0,1304.75,1304.75,2022
2022-04-16,1431.57,0,1431.57,1431.57,2022
2022-04-17,1208.04,0,1208.04,1208.04,2022
2022-04-18,1314.58,0,1314.58,1314.58,2022
2022-04-19,1323.75,0,1323.75,1323.75,2022
2022-04-20,1301.07,0,1301.07,1301.07,2022
2022-04-21,1244.98,0,1244.98,1244.98,2022
2022-04-22,1163.45,0,1163.45,1163.45,2022
2022-04-23,1301.69,0,1301.69,1301.69,2022
2022-04-24,1076.67,0,1076.67,1076.67,2022
2022-04-25,1176.94,0,1176.94,1176.94,2022
2022-04-26,1203.61,0,1203.61,1203.61,2022
2022-04-27,1206.15,0,1206.15,1206.15,2022
2022-04-28,1172.95,0,1172.95,1172.95,2022
2022-04-29,1263.68,0,1263.68,1263.68,2022
2022-04-30,1263.88,0,1263.88,1263.88,2022
2022-05-01,1065.04,0,1065.04,1065.04,2022
2022-05-02,1180.53,0,1180.53,1180.53,2022
2022-05-03,1239.08,0,1239.08,1239.08,2022
2022-05-04,1235.06,0,1235.06,1235.06,2022
2022-05-05,1244.16,0,1244.16,1244.16,2022
2022-05-06,1277.78,0,1277.78,1277.78,2022
2022-05-07,1345.97,0,1345.97,1345.97,2022
2022-05-08,1167.4,0,1167.4,1167.4,2022
2022-05-09,1091.03,0,1091.03,1091.03,2022
2022-05-10,1137.77,0,1137.77,1137.77,2022
2022-05-11,1208.68,0,1208.68,1208.68,2022
2022-05-12,1278.09,0,1278.09,1278.09,2022
2022-05-13,1363.63,0,1363.63,1363.63,2022
2022-05-14,1394.24,0,1394.24,1394.24,2022
2022-05-15,1144.86,0,1144.86,1144.86,2022
2022-05-16,1308.93,0,1308.93,1308.93,2022
2022-05-17,1328.98,0,1328.98,1328.98,2022
2022-05-18,1334.99,0,1334.99,1334.99,2022
2022-05-19,1313.7,0,1313.7,1313.7,2022
2022-05-20,1362.58,0,1362.58,1362.58,2022
2022-05-21,1355.63,0,1355.63,1355.63,2022
2022-05-22,1197.62,0,1197.62,1197.62,2022
2022-05-23,1335.57,0,1335.57,1335.57,2022
2022-05-24,1320.29,0,1320.29,1320.29,2022
2022-05-25,1295.53,0,1295.53,1295.53,2022
2022-05-26,1330.7,0,1330.7,1330.7,2022
2022-05-27,1417.24,0,1417.24,1417.24,2022
2022-05-28,1377.49,0,1377.49,1377.49,2022
2022-05-29,1116.21,0,1116.21,1320.29,2022
2022-05-30,1052.12,0,1291.92933333333,1320.29,2022
2022-05-31,1304.25,0,1304.25,1304.25,2022
2022-06-01,1336.4,0,1336.4,1336.4,2022
2022-06-02,1312.4,0,1312.4,1312.4,2022
2022-06-03,1359.45,0,1359.45,1359.45,2022
2022-06-04,1336.94,0,1336.94,1336.94,2022
2022-06-05,1195.64,0,1195.64,1195.64,2022
2022-06-06,1288.71,0,1288.71,1288.71,2022
2022-06-07,1270.21,0,1270.21,1270.21,2022
2022-06-08,1348.73,0,1348.73,1348.73,2022
2022-06-09,1226.61,0,1226.61,1226.61,2022
2022-06-10,1296.89,0,1296.89,1296.89,2022
2022-06-11,1315.24,0,1315.24,1315.24,2022
2022-06-12,1183.31,0,1183.31,1183.31,2022
2022-06-13,1280.84,0,1280.84,1280.84,2022
2022-06-14,1300.46,0,1300.46,1300.46,2022
2022-06-15,1048.75,0,1048.75,1048.75,2022
2022-06-16,1275.61,0,1275.61,1275.61,2022
2022-06-17,1473.15,0,1473.15,1473.15,2022
2022-06-18,1369.02,0,1369.02,1369.02,2022
2022-06-19,1124.18,0,1124.18,1124.18,2022
2022-06-20,1088.14,0,1088.14,1088.14,2022
2022-06-21,1257.19,0,1257.19,1257.19,2022
2022-06-22,1344.75,0,1344.75,1344.75,2022
2022-06-23,1407.98,0,1407.98,1407.98,2022
2022-06-24,1463.61,0,1463.61,1463.61,2022
2022-06-25,1559.68,0,1559.68,1559.68,2022
2022-06-26,1517.39,0,1517.39,1517.39,2022
2022-06-27,1375.64,0,1375.64,1375.64,2022
2022-06-28,1426.05,0,1426.05,1426.05,2022
2022-06-29,1464.73,0,1464.73,1464.73,2022
2022-06-30,1384.37,0,1384.37,1384.37,2022
2022-07-01,1457.64,0,1457.64,1457.64,2022
2022-07-02,1567.76,0,1567.76,1567.76,2022
2022-07-03,1555.03,0,1555.03,1555.03,2022
2022-07-04,1460.4,0,1460.4,1460.4,2022
2022-07-05,1473.52,0,1473.52,1473.52,2022
2022-07-06,1380.36,0,1380.36,1380.36,2022
2022-07-07,1359.01,0,1359.01,1359.01,2022
2022-07-08,1398.89,0,1398.89,1398.89,2022
2022-07-09,1493.3,0,1493.3,1493.3,2022
2022-07-10,1282.85,0,1282.85,1282.85,2022
2022-07-11,1303.79,0,1303.79,1303.79,2022
2022-07-12,1355.43,0,1355.43,1355.43,2022
2022-07-13,1305.77,0,1305.77,1305.77,2022
2022-07-14,1340.53,0,1340.53,1340.53,2022
2022-07-15,1332.41,0,1332.41,1332.41,2022
2022-07-16,1449.24,0,1449.24,1449.24,2022
2022-07-17,1256.4,0,1256.4,1256.4,2022
2022-07-18,1407.31,0,1407.31,1407.31,2022
2022-07-19,1163.88,0,1163.88,1163.88,2022
2022-07-20,1317.81,0,1317.81,1317.81,2022
2022-07-21,1463.78,0,1463.78,1463.78,2022
2022-07-22,1496.23,0,1496.23,1496.23,2022
2022-07-23,1581.5,0,1581.5,1581.5,2022
2022-07-24,1300.9,0,1300.9,1300.9,2022
2022-07-25,1476.44,0,1476.44,1476.44,2022
2022-07-26,1492.52,0,1492.52,1492.52,2022
2022-07-27,1510.44,0,1510.44,1510.44,2022
2022-07-28,1480.96,0,1480.96,1480.96,2022
2022-07-29,1506.91,0,1506.91,1506.91,2022
2022-07-30,1546.38,0,1546.38,1546.38,2022
2022-07-31,1294.36,0,1294.36,1294.36,2022
2022-08-01,1427.93,0,1427.93,1427.93,2022
2022-08-02,1438.32,0,1438.32,1438.32,2022
2022-08-03,1448.2,0,1448.2,1448.2,2022
2022-08-04,1499.03,0,1499.03,1499.03,2022
2022-08-05,1510.12,0,1510.12,1510.12,2022
2022-08-06,1487.63,0,1487.63,1487.63,2022
2022-08-07,1254.47,0,1254.47,1254.47,2022
2022-08-08,1427.21,0,1427.21,1427.21,2022
2022-08-09,1479.23,0,1479.23,1479.23,2022
2022-08-10,1468.66,0,1468.66,1468.66,2022
2022-08-11,1502.73,0,1502.73,1502.73,2022
2022-08-12,1550.77,0,1550.77,1550.77,2022
2022-08-13,1671.84,0,1671.84,1671.84,2022
2022-08-14,1557.61,0,1557.61,1557.61,2022
2022-08-15,1448.54,0,1448.54,1448.54,2022
2022-08-16,1545.34,0,1545.34,1545.34,2022
2022-08-17,1471.3,0,1471.3,1471.3,2022
2022-08-18,1562.13,0,1562.13,1562.13,2022
2022-08-19,1510.17,0,1510.17,1510.17,2022
2022-08-20,1528.75,0,1528.75,1528.75,2022
2022-08-21,1321.23,0,1321.23,1321.23,2022
2022-08-22,1455.43,0,1455.43,1455.43,2022
2022-08-23,1457.78,0,1457.78,1457.78,2022
2022-08-24,1541.75,0,1541.75,1541.75,2022
2022-08-25,1496.31,0,1496.31,1496.31,2022
2022-08-26,1557.11,0,1557.11,1557.11,2022
2022-08-27,1533.71,0,1533.71,1533.71,2022
2022-08-28,1313.87,0,1313.87,1313.87,2022
2022-08-29,1451.78,0,1451.78,1451.78,2022
2022-08-30,1417.89,0,1417.89,1417.89,2022
2022-08-31,1434.35,0,1434.35,1434.35,2022
2022-09-01,1508.29,0,1508.29,1508.29,2022
2022-09-02,1481.17,0,1481.17,1481.17,2022
2022-09-03,1521.42,0,1521.42,1521.42,2022
2022-09-04,1431.55,0,1431.55,1431.55,2022
2022-09-05,1486,0,1486,1486,2022
2022-09-06,1539.61,0,1539.61,1539.61,2022
2022-09-07,1481.2,0,1481.2,1481.2,2022
2022-09-08,1501.8,0,1501.8,1501.8,2022
2022-09-09,1527.03,0,1527.03,1527.03,2022
2022-09-10,1573.72,0,1573.72,1573.72,2022
2022-09-11,1337.22,0,1337.22,1337.22,2022
2022-09-12,1451.68,0,1451.68,1451.68,2022
2022-09-13,1478.91,0,1478.91,1478.91,2022
2022-09-14,1423.97,0,1423.97,1423.97,2022
2022-09-15,1512.22,0,1512.22,1512.22,2022
2022-09-16,1578.92,0,1578.92,1578.92,2022
2022-09-17,1532.26,0,1532.26,1532.26,2022
2022-09-18,1338.17,0,1338.17,1338.17,2022
2022-09-19,1470.1,0,1470.1,1470.1,2022
2022-09-20,1435.95,0,1435.95,1435.95,2022
2022-09-21,1468.81,0,1468.81,1468.81,2022
2022-09-22,1522.32,0,1522.32,1522.32,2022
2022-09-23,1512.02,0,1512.02,1512.02,2022
2022-09-24,1517.63,0,1517.63,1517.63,2022
2022-09-25,1341.59,0,1341.59,1341.59,2022
2022-09-26,1530.83,0,1530.83,1530.83,2022
2022-09-27,1586.39,0,1586.39,1586.39,2022
2022-09-28,1527.42,0,1527.42,1527.42,2022
2022-09-29,1494.37,0,1494.37,1494.37,2022
2022-09-30,1556.24,0,1556.24,1556.24,2022
2022-10-01,1590.28,0,1590.28,1590.28,2022
2022-10-02,1415.65,0,1415.65,1415.65,2022
2022-10-03,1527.23,0,1527.23,1527.23,2022
2022-10-04,1553.09,0,1553.09,1553.09,2022
2022-10-05,1525.18,0,1525.18,1525.18,2022
2022-10-06,1530.75,0,1530.75,1530.75,2022
2022-10-07,1639.49,0,1639.49,1639.49,2022
2022-10-08,1702.64,0,1702.64,1702.64,2022
2022-10-09,1480.79,0,1480.79,1480.79,2022
2022-10-10,1644.87,0,1644.87,1644.87,2022
2022-10-11,1673.84,0,1673.84,1673.84,2022
2022-10-12,1731.64,1,1731.64,1731.64,2022
2022-10-13,1902.47,1,1902.47,1902.47,2022
2022-10-14,2081.58,1,2081.58,2081.58,2022
2022-10-15,2130.38,1,2130.38,2130.38,2022
2022-10-16,2160.3,1,2160.3,2160.3,2022
2022-10-17,1848.48,1,1848.48,1848.48,2022
2022-10-18,1596.84,0,1596.84,1596.84,2022
2022-10-19,1545.63,0,1545.63,1545.63,2022
2022-10-20,1562.41,0,1562.41,1562.41,2022
2022-10-21,1572.96,0,1572.96,1572.96,2022
2022-10-22,1614.2,0,1614.2,1614.2,2022
2022-10-23,929.66,0,1531.28933333333,1549.82,2022
2022-10-24,1214.77,0,1214.77,1214.77,2022
2022-10-25,1537.8,0,1537.8,1537.8,2022
2022-10-26,1335.04,0,1335.04,1335.04,2022
2022-10-27,1549.82,0,1549.82,1549.82,2022
2022-10-28,1543.65,0,1543.65,1543.65,2022
2022-10-29,1567.31,0,1567.31,1567.31,2022
2022-10-30,1390.47,0,1390.47,1390.47,2022
2022-10-31,1462.24,0,1462.24,1462.24,2022
2022-11-01,1442.52,0,1442.52,1442.52,2022
2022-11-02,1540.46,0,1540.46,1540.46,2022
2022-11-03,1605.78,0,1605.78,1605.78,2022
2022-11-04,1639.62,0,1639.62,1639.62,2022
2022-11-05,1801.65,0,1801.65,1801.65,2022
2022-11-06,1537.51,0,1537.51,1537.51,2022
2022-11-07,1350.78,0,1350.78,1350.78,2022
2022-11-08,1503.47,0,1503.47,1503.47,2022
2022-11-09,1457.77,0,1457.77,1457.77,2022
2022-11-10,1491.33,0,1491.33,1491.33,2022
2022-11-11,1575.39,0,1575.39,1575.39,2022
2022-11-12,1619.38,0,1619.38,1619.38,2022
2022-11-13,1460.42,0,1460.42,1460.42,2022
2022-11-14,1347.94,0,1347.94,1347.94,2022
2022-11-15,1516.8,0,1516.8,1516.8,2022
2022-11-16,1501.5,0,1501.5,1501.5,2022
2022-11-17,1501.15,0,1501.15,1501.15,2022
2022-11-18,1519.49,0,1519.49,1519.49,2022
2022-11-19,1115.75,0,1115.75,1115.75,2022
2022-11-20,1369.14,0,1369.14,1369.14,2022
2022-11-21,1222.24,0,1222.24,1222.24,2022
2022-11-22,1637.18,0,1637.18,1637.18,2022
2022-11-23,1198.24,0,1198.24,1198.24,2022
2022-11-24,1278.88,0,1278.88,1278.88,2022
2022-11-25,1222.86,0,1222.86,1222.86,2022
2022-11-26,1655.13,0,1655.13,1655.13,2022
2022-11-27,1287.6,0,1287.6,1287.6,2022
2022-11-28,1539.32,0,1539.32,1539.32,2022
2022-11-29,1546.87,0,1546.87,1546.87,2022
2022-11-30,1613.92,0,1613.92,1613.92,2022
2022-12-01,1408.28,0,1408.28,1408.28,2022
2022-12-02,1453.61,0,1453.61,1453.61,2022
2022-12-03,1187.49,0,1187.49,1187.49,2022
2022-12-04,1250.35,0,1250.35,1250.35,2022
2022-12-05,1546.8,0,1546.8,1546.8,2022
2022-12-06,1549.38,0,1549.38,1549.38,2022
2022-12-07,1220.29,0,1220.29,1220.29,2022
2022-12-08,1108.96,0,1108.96,1108.96,2022
2022-12-09,1385.76,0,1385.76,1385.76,2022
2022-12-10,1205.02,0,1205.02,1205.02,2022
2022-12-11,1185.61,0,1185.61,1185.61,2022
2022-12-12,1348.7,0,1348.7,1348.7,2022
2022-12-13,1202.42,0,1202.42,1202.42,2022
2022-12-14,1218.66,0,1218.66,1218.66,2022
2022-12-15,1207.3,0,1207.3,1207.3,2022
2022-12-16,1233.66,0,1233.66,1233.66,2022
2022-12-17,1287.52,0,1287.52,1287.52,2022
2022-12-18,1191.9,0,1191.9,1191.9,2022
2022-12-19,1253.47,0,1253.47,1253.47,2022
2022-12-20,1264.3,0,1264.3,1264.3,2022
2022-12-21,1166.9,0,1166.9,1166.9,2022
2022-12-22,1278.42,0,1278.42,1278.42,2022
2022-12-23,1469.91,0,1469.91,1469.91,2022
2022-12-24,1240.25,0,1240.25,1240.25,2022
2022-12-25,861.08,0,861.08,1240.25,2022
2022-12-26,1203.2,0,1203.2,1203.2,2022
2022-12-27,1219,0,1219,1219,2022
2022-12-28,1141.52,0,1141.52,1141.52,2022
2022-12-29,1275.87,0,1275.87,1275.87,2022
2022-12-30,1357.17,0,1357.17,1357.17,2022
2022-12-31,1298.31,0,1298.31,1298.31,2022
2023-01-01,956.76,0,956.76,956.76,2023
2023-01-02,1296.52,0,1296.52,1296.52,2023
2023-01-03,1276.69,0,1276.69,1276.69,2023
2023-01-04,1276.58,0,1276.58,1276.58,2023
2023-01-05,1229.83,0,1229.83,1229.83,2023
2023-01-06,981.4,0,1255.86133333333,1296.05,2023
2023-01-07,1180.6,0,1180.6,1180.6,2023
2023-01-08,1405.07,0,1405.07,1405.07,2023
2023-01-09,1295.53,0,1295.53,1295.53,2023
2023-01-10,1296.05,0,1296.05,1296.05,2023
2023-01-11,1333.61,0,1333.61,1333.61,2023
2023-01-12,1320.96,0,1320.96,1320.96,2023
2023-01-13,1332.84,0,1332.84,1332.84,2023
2023-01-14,1410.01,0,1410.01,1410.01,2023
2023-01-15,1140.8,0,1140.8,1140.8,2023
2023-01-16,1276.36,0,1276.36,1276.36,2023
2023-01-17,1294.88,0,1294.88,1294.88,2023
2023-01-18,1250.14,0,1250.14,1250.14,2023
2023-01-19,1243.43,0,1243.43,1243.43,2023
2023-01-20,1316.89,0,1316.89,1316.89,2023
2023-01-21,1330.15,0,1330.15,1330.15,2023
2023-01-22,1113.78,0,1113.78,1113.78,2023
2023-01-23,1244.51,0,1244.51,1244.51,2023
2023-01-24,1241.16,0,1241.16,1241.16,2023
2023-01-25,1268.08,0,1268.08,1268.08,2023
2023-01-26,1315.54,0,1315.54,1315.54,2023
2023-01-27,1425.73,0,1425.73,1425.73,2023
2023-01-28,1429.34,0,1429.34,1429.34,2023
2023-01-29,1209.44,0,1209.44,1209.44,2023
2023-01-30,1310.18,0,1310.18,1310.18,2023
2023-01-31,1233.03,0,1233.03,1233.03,2023
2023-02-01,1262.66,0,1262.66,1262.66,2023
2023-02-02,1329.43,0,1329.43,1329.43,2023
2023-02-03,1261.42,0,1261.42,1261.42,2023
2023-02-04,1310.46,0,1310.46,1310.46,2023
2023-02-05,1102.25,0,1102.25,1102.25,2023
2023-02-06,1291.9,0,1291.9,1291.9,2023
2023-02-07,1296.01,0,1296.01,1296.01,2023
2023-02-08,1341.51,0,1341.51,1341.51,2023
2023-02-09,1319.66,0,1319.66,1319.66,2023
2023-02-10,1137.81,0,1137.81,1137.81,2023
2023-02-11,1489.07,0,1489.07,1489.07,2023
2023-02-12,1161.39,0,1161.39,1161.39,2023
2023-02-13,1161.39,0,1161.39,1161.39,2023
2023-02-14,1363.38,0,1363.38,1363.38,2023
2023-02-15,1355.61,0,1355.61,1355.61,2023
2023-02-16,1412.4,0,1412.4,1412.4,2023
2023-02-17,1455.86,0,1455.86,1455.86,2023
2023-02-18,1407.85,0,1407.85,1407.85,2023
2023-02-19,1217.42,0,1217.42,1217.42,2023
2023-02-20,1378.95,0,1378.95,1378.95,2023
2023-02-21,1379.33,0,1379.33,1379.33,2023
2023-02-22,1103.62,0,1413.874,1379.33,2023
2023-02-23,1381.53,0,1381.53,1381.53,2023
2023-02-24,1431.57,0,1431.57,1431.57,2023
2023-02-25,1439.37,0,1439.37,1439.37,2023
2023-02-26,2170.08,0,1399.64,1379.33,2023
2023-02-27,1352.66,0,1352.66,1352.66,2023
2023-02-28,1377.73,0,1377.73,1377.73,2023
2023-03-01,1344.13,0,1344.13,1344.13,2023
2023-03-02,1380.46,0,1380.46,1380.46,2023
2023-03-03,1397.04,0,1397.04,1397.04,2023
2023-03-04,1396.08,0,1396.08,1396.08,2023
2023-03-05,1244.63,0,1244.63,1244.63,2023
2023-03-06,1411.94,0,1411.94,1411.94,2023
2023-03-07,1356.79,0,1356.79,1356.79,2023
2023-03-08,1420.05,0,1420.05,1420.05,2023
2023-03-09,1368.76,0,1368.76,1368.76,2023
2023-03-10,1365.06,0,1365.06,1365.06,2023
2023-03-11,1364.14,0,1364.14,1364.14,2023
2023-03-12,1193.91,0,1193.91,1193.91,2023
2023-03-13,1240.31,0,1240.31,1240.31,2023
2023-03-14,1292.09,0,1292.09,1292.09,2023
2023-03-15,1349.19,0,1349.19,1349.19,2023
2023-03-16,1217.06,0,1217.06,1217.06,2023
2023-03-17,1356.58,0,1356.58,1356.58,2023
2023-03-18,1541.32,0,1541.32,1541.32,2023
2023-03-19,1378.71,0,1378.71,1378.71,2023
2023-03-20,1258.51,0,1258.51,1258.51,2023
2023-03-21,1412.16,0,1412.16,1412.16,2023
2023-03-22,1365.78,0,1365.78,1365.78,2023
2023-03-23,1405.51,0,1405.51,1405.51,2023
2023-03-24,1393,0,1393,1393,2023
2023-03-25,1461.13,0,1461.13,1461.13,2023
2023-03-26,1165.3,0,1165.3,1165.3,2023
2023-03-27,1339.83,0,1339.83,1339.83,2023
2023-03-28,1410.82,0,1410.82,1410.82,2023
2023-03-29,1384.18,0,1384.18,1384.18,2023
2023-03-30,1235.55,0,1235.55,1235.55,2023
2023-03-31,1307.98,0,1307.98,1307.98,2023
2023-04-01,1461.95,0,1461.95,1461.95,2023
2023-04-02,1229.47,0,1229.47,1229.47,2023
2023-04-03,1332.91,0,1332.91,1332.91,2023
2023-04-04,1424.9,0,1424.9,1424.9,2023
2023-04-05,1481.61,0,1481.61,1481.61,2023
2023-04-06,1400.71,0,1400.71,1400.71,2023
2023-04-07,1219.74,0,1219.74,1219.74,2023
2023-04-08,1538,0,1538,1538,2023
2023-04-09,1206.23,0,1206.23,1206.23,2023
2023-04-10,1311.39,0,1311.39,1311.39,2023
2023-04-11,1362.49,0,1362.49,1362.49,2023
2023-04-12,1351.57,0,1351.57,1351.57,2023
2023-04-13,854.79,0,854.79,854.79,2023
2023-04-14,1332.66,0,1332.66,1332.66,2023
2023-04-15,1325.8,0,1325.8,1325.8,2023
2023-04-16,1059.91,0,1059.91,1059.91,2023
2023-04-17,1246.96,0,1246.96,1246.96,2023
2023-04-18,1315.76,0,1315.76,1315.76,2023
2023-04-19,1276.21,0,1276.21,1276.21,2023
2023-04-20,1388.58,0,1388.58,1388.58,2023
2023-04-21,1277.95,0,1277.95,1277.95,2023
2023-04-22,1354.77,0,1354.77,1354.77,2023
2023-04-23,997.32,0,997.32,997.32,2023
2023-04-24,1286.46,0,1286.46,1286.46,2023
2023-04-25,1307.3,0,1307.3,1307.3,2023
2023-04-26,1371.91,0,1371.91,1371.91,2023
2023-04-27,1163.74,0,1163.74,1163.74,2023
2023-04-28,1421.67,0,1421.67,1421.67,2023
2023-04-29,1449.63,0,1449.63,1449.63,2023
2023-04-30,1259.81,0,1259.81,1259.81,2023
2023-05-01,1119.95,0,1119.95,1119.95,2023
2023-05-02,1419.47,0,1419.47,1419.47,2023
2023-05-03,1213.35,0,1213.35,1213.35,2023
2023-05-04,1344.33,0,1344.33,1344.33,2023
2023-05-05,1351.81,0,1351.81,1351.81,2023
2023-05-06,1399.27,0,1399.27,1399.27,2023
2023-05-07,1109.68,0,1109.68,1109.68,2023
2023-05-08,1319.46,0,1319.46,1319.46,2023
2023-05-09,1445.28,0,1445.28,1445.28,2023
2023-05-10,1382.52,0,1382.52,1382.52,2023
2023-05-11,1309.51,0,1309.51,1309.51,2023
2023-05-12,1324.26,0,1324.26,1324.26,2023
2023-05-13,1296.43,0,1296.43,1296.43,2023
2023-05-14,1209.65,0,1209.65,1209.65,2023
2023-05-15,1269.71,0,1269.71,1269.71,2023
2023-05-16,1245.04,0,1245.04,1245.04,2023
2023-05-17,1295.55,0,1295.55,1295.55,2023
2023-05-18,1224.87,0,1224.87,1224.87,2023
2023-05-19,1319.86,0,1319.86,1319.86,2023
2023-05-20,1444.57,0,1444.57,1444.57,2023
2023-05-21,1267.99,0,1267.99,1267.99,2023
2023-05-22,1130.37,0,1526.706,1130.37,2023
2023-05-23,1269.41,0,1269.41,1269.41,2023
2023-05-24,1285.6,0,1285.6,1285.6,2023
2023-05-25,1208.92,0,1208.92,1208.92,2023
2023-05-26,1312.59,0,1312.59,1312.59,2023
2023-05-27,2674.15,0,2674.15,2674.15,2023
2023-05-28,2527.75,0,2527.75,2527.75,2023
2023-05-29,2424.21,0,2424.21,2424.21,2023
2023-05-30,2603.57,0,2603.57,2603.57,2023
2023-05-31,2812.54,0,2812.54,2812.54,2023
2023-06-01,2657.75,0,2657.75,2657.75,2023
2023-06-02,2577.28,0,2577.28,2577.28,2023
2023-06-03,2683.16,0,2683.16,2683.16,2023
2023-06-04,2395.71,0,2395.71,2395.71,2023
2023-06-05,1269.99,0,1269.99,1269.99,2023
2023-06-06,1230.03,0,1230.03,1230.03,2023
2023-06-07,1240.66,0,1240.66,1240.66,2023
2023-06-08,1232.08,0,1232.08,1232.08,2023
2023-06-09,1311.27,0,1311.27,1311.27,2023
2023-06-10,1276.74,0,1276.74,1276.74,2023
2023-06-11,1048.65,0,1048.65,1048.65,2023
2023-06-12,782.4,0,1169.98,1230.03,2023
2023-06-13,1199.77,0,1199.77,1199.77,2023
2023-06-14,1207.42,0,1207.42,1207.42,2023
2023-06-15,1164.35,0,1164.35,1164.35,2023
2023-06-16,1256.23,0,1256.23,1256.23,2023
2023-06-17,1379.04,0,1379.04,1379.04,2023
2023-06-18,1035.88,0,1035.88,1035.88,2023
2023-06-19,915.19,0,915.19,915.19,2023
2023-06-20,1217.17,0,1217.17,1217.17,2023
2023-06-21,1232.18,0,1232.18,1232.18,2023
2023-06-22,1256.23,0,1256.23,1256.23,2023
2023-06-23,1301.54,0,1301.54,1301.54,2023
2023-06-24,1100.22,0,1100.22,1100.22,2023
2023-06-25,1143.76,0,1143.76,1143.76,2023
2023-06-26,1301.92,0,1301.92,1301.92,2023
2023-06-27,1256.04,0,1256.04,1256.04,2023
2023-06-28,1222.53,0,1222.53,1222.53,2023
2023-06-29,1239.04,0,1239.04,1239.04,2023
2023-06-30,1246.01,0,1246.01,1246.01,2023
2023-07-01,1473.35,0,1473.35,1473.35,2023
2023-07-02,1331.21,0,1331.21,1331.21,2023
2023-07-03,1405.53,0,1405.53,1405.53,2023
2023-07-04,1378.53,0,1378.53,1378.53,2023
2023-07-05,1513.53,0,1513.53,1513.53,2023
2023-07-06,1363.76,0,1363.76,1363.76,2023
2023-07-07,1376.98,0,1376.98,1376.98,2023
2023-07-08,1329.61,0,1329.61,1329.61,2023
2023-07-09,1104.89,0,1104.89,1104.89,2023
2023-07-10,1137.58,0,1137.58,1137.58,2023
2023-07-11,1183.12,0,1183.12,1183.12,2023
2023-07-12,1172.44,0,1172.44,1172.44,2023
2023-07-13,1024.07,0,1024.07,1024.07,2023
2023-07-14,1158.41,0,1158.41,1158.41,2023
2023-07-15,1336.56,0,1336.56,1336.56,2023
2023-07-16,1098.4,0,1098.4,1098.4,2023
2023-07-17,1269.56,0,1269.56,1269.56,2023
2023-07-18,1364.66,0,1364.66,1364.66,2023
2023-07-19,1331.9,0,1331.9,1331.9,2023
2023-07-20,1194.19,0,1194.19,1194.19,2023
2023-07-21,1295.08,0,1295.08,1295.08,2023
2023-07-22,1187.46,0,1187.46,1187.46,2023
2023-07-23,1145.96,0,1145.96,1145.96,2023
2023-07-24,1304.3,0,1304.3,1304.3,2023
2023-07-25,1235,0,1235,1235,2023
2023-07-26,1333.19,0,1333.19,1333.19,2023
2023-07-27,1325.8,0,1325.8,1325.8,2023
2023-07-28,1373.23,0,1373.23,1373.23,2023
2023-07-29,1367.31,0,1367.31,1367.31,2023
2023-07-30,1137.01,0,1137.01,1137.01,2023
2023-07-31,1274.27,0,1274.27,1274.27,2023
2023-08-01,1176.36,0,1176.36,1176.36,2023
2023-08-02,1388.98,0,1388.98,1388.98,2023
2023-08-03,1467.18,0,1467.18,1467.18,2023
2023-08-04,1306.82,0,1306.82,1306.82,2023
2023-08-05,1395.85,0,1395.85,1395.85,2023
2023-08-06,1267.22,0,1267.22,1267.22,2023
2023-08-07,1103.66,0,1103.66,1103.66,2023
2023-08-08,1368.76,0,1368.76,1368.76,2023
2023-08-09,1245.54,0,1245.54,1245.54,2023
2023-08-10,1407.83,0,1407.83,1407.83,2023
2023-08-11,1420.77,0,1420.77,1420.77,2023
2023-08-12,1311.96,0,1311.96,1311.96,2023
2023-08-13,1157.86,0,1157.86,1157.86,2023
2023-08-14,1292.2,0,1292.2,1292.2,2023
2023-08-15,1253.71,0,1253.71,1253.71,2023
2023-08-16,1244.05,0,1244.05,1244.05,2023
2023-08-17,1306.76,0,1306.76,1306.76,2023
2023-08-18,1309.97,0,1309.97,1309.97,2023
2023-08-19,1198.46,0,1198.46,1198.46,2023
2023-08-20,855.85,0,855.85,855.85,2023
2023-08-21,1000.1,0,1000.1,1000.1,2023
2023-08-22,923.6,0,923.6,923.6,2023
2023-08-23,1115.08,0,1115.08,1115.08,2023
2023-08-24,1043.83,0,1043.83,1043.83,2023
2023-08-25,919.49,0,919.49,919.49,2023
2023-08-26,861.27,0,861.27,861.27,2023
2023-08-27,861.27,0,861.27,861.27,2023
2023-08-28,861.27,0,861.27,861.27,2023
2023-08-29,997.87,0,997.87,997.87,2023
2023-08-30,1200.04,0,1200.04,1200.04,2023
2023-08-31,1272.23,0,1272.23,1272.23,2023
2023-09-01,1301.83,0,1301.83,1301.83,2023
2023-09-02,1257.67,0,1257.67,1257.67,2023
2023-09-03,1054.57,0,1054.57,1054.57,2023
2023-09-04,1298.76,0,1298.76,1298.76,2023
2023-09-05,1317.93,0,1317.93,1317.93,2023
2023-09-06,1290.43,0,1290.43,1290.43,2023
2023-09-07,1279.61,0,1279.61,1279.61,2023
2023-09-08,1444.85,0,1444.85,1444.85,2023
2023-09-09,1343.17,0,1343.17,1343.17,2023
2023-09-10,1125.93,0,1125.93,1125.93,2023
2023-09-11,1292.41,0,1292.41,1292.41,2023
2023-09-12,1356.4,0,1356.4,1356.4,2023
2023-09-13,1319.85,0,1319.85,1319.85,2023
2023-09-14,1403.36,0,1403.36,1403.36,2023
2023-09-15,1534.92,0,1534.92,1534.92,2023
2023-09-16,1543.73,0,1543.73,1543.73,2023
2023-09-17,1314.4,0,1314.4,1314.4,2023
2023-09-18,1390.81,0,1390.81,1390.81,2023
2023-09-19,1412.68,0,1412.68,1412.68,2023
2023-09-20,1339.57,0,1339.57,1339.57,2023
2023-09-21,1384.65,0,1384.65,1384.65,2023
2023-09-22,1410.96,0,1410.96,1410.96,2023
2023-09-23,1425.69,0,1425.69,1425.69,2023
2023-09-24,1211.19,0,1211.19,1211.19,2023
2023-09-25,2756.08,0,1448.842,1383.59,2023
2023-09-26,1371.3,0,1371.3,1371.3,2023
2023-09-27,1312.98,0,1312.98,1312.98,2023
2023-09-28,1383.59,0,1383.59,1383.59,2023
2023-09-29,1466.09,0,1466.09,1466.09,2023
2023-09-30,1377.69,0,1377.69,1377.69,2023
2023-10-01,1112.11,0,1524.41,1112.11,2023
2023-10-02,1377.24,0,1377.24,1377.24,2023
2023-10-03,1417.91,0,1417.91,1417.91,2023
2023-10-04,2658.91,0,1450.04933333333,1383.59,2023
2023-10-05,1379.23,0,1379.23,1379.23,2023
2023-10-06,1404.65,0,1404.65,1404.65,2023
2023-10-07,1407.81,0,1407.81,1407.81,2023
2023-10-08,1229.37,0,1229.37,1229.37,2023
2023-10-09,1414.94,0,1414.94,1414.94,2023
2023-10-10,1456.3,0,1456.3,1456.3,2023
2023-10-11,1351.92,0,1351.92,1351.92,2023
2023-10-12,22.44,1,1322.78533333333,1379.23,2023
2023-10-13,1229.21,1,1229.21,1229.21,2023
2023-10-14,1757.32,1,1757.32,1757.32,2023
2023-10-15,1872.07,1,1872.07,1872.07,2023
2023-10-16,1565.23,1,1565.23,1565.23,2023
2023-10-17,1293.71,0,1293.71,1293.71,2023
2023-10-18,1282.38,0,1282.38,1282.38,2023
2023-10-19,1175.2,0,1175.2,1175.2,2023
2023-10-20,1186.05,0,1186.05,1186.05,2023
2023-10-21,1318.29,0,1318.29,1318.29,2023
2023-10-22,1134.09,0,1134.09,1134.09,2023
2023-10-23,1371.03,0,1371.03,1371.03,2023
2023-10-24,1373.07,0,1373.07,1373.07,2023
2023-10-25,1401.54,0,1401.54,1401.54,2023
2023-10-26,1442.04,0,1442.04,1442.04,2023
2023-10-27,1361.74,0,1361.74,1361.74,2023
2023-10-28,1393.34,0,1393.34,1393.34,2023
2023-10-29,1212.41,0,1212.41,1212.41,2023
2023-10-30,1459.16,0,1459.16,1459.16,2023
2023-10-31,1399.97,0,1399.97,1399.97,2023
2023-11-01,1305.36,0,1305.36,1305.36,2023
2023-11-02,1236.48,0,1236.48,1236.48,2023
2023-11-03,1445.76,0,1445.76,1445.76,2023
2023-11-04,1230.78,0,1230.78,1230.78,2023
2023-11-05,405.09,0,1241.34466666667,1338.54,2023
2023-11-06,779.35,0,779.35,779.35,2023
2023-11-07,1076.69,0,1076.69,1076.69,2023
2023-11-08,1338.54,0,1338.54,1338.54,2023
2023-11-09,1401.39,0,1401.39,1401.39,2023
2023-11-10,1457.81,0,1457.81,1457.81,2023
2023-11-11,1487.12,0,1487.12,1487.12,2023
2023-11-12,1384.26,0,1384.26,1384.26,2023
2023-11-13,1180.01,0,1180.01,1180.01,2023
2023-11-14,1227.76,0,1227.76,1227.76,2023
2023-11-15,1403.36,0,1403.36,1403.36,2023
2023-11-16,1496.04,0,1496.04,1496.04,2023
2023-11-17,1298.3,0,1298.3,1298.3,2023
2023-11-18,1392.35,0,1392.35,1392.35,2023
2023-11-19,1194.26,0,1194.26,1194.26,2023
2023-11-20,1381.78,0,1381.78,1381.78,2023
2023-11-21,1352.28,0,1352.28,1352.28,2023
2023-11-22,1335.05,0,1335.05,1335.05,2023
2023-11-23,1335.05,0,1335.05,1335.05,2023
2023-11-24,3152.73,0,1512.46466666667,1381.78,2023
2023-11-25,1678.32,0,1678.32,1678.32,2023
2023-11-26,1222.72,0,1222.72,1222.72,2023
2023-11-27,1368.5,0,1368.5,1368.5,2023
2023-11-28,1461.83,0,1461.83,1461.83,2023
2023-11-29,1463.71,0,1463.71,1463.71,2023
2023-11-30,1543.77,0,1543.77,1543.77,2023
2023-12-01,1506.32,0,1506.32,1506.32,2023
2023-12-02,1451.04,0,1451.04,1451.04,2023
2023-12-03,1249.28,0,1249.28,1249.28,2023
2023-12-04,1436.62,0,1436.62,1436.62,2023
2023-12-05,1463.39,0,1463.39,1463.39,2023
2023-12-06,1479.42,0,1479.42,1479.42,2023
2023-12-07,1406.06,0,1406.06,1406.06,2023
2023-12-08,1283.3,0,1283.3,1283.3,2023
2023-12-09,1516.41,0,1516.41,1516.41,2023
2023-12-10,1208.11,0,1208.11,1208.11,2023
2023-12-11,1474.23,0,1474.23,1474.23,2023
2023-12-12,1399.43,0,1399.43,1399.43,2023
2023-12-13,1483.82,0,1483.82,1483.82,2023
2023-12-14,1440.49,0,1440.49,1440.49,2023
2023-12-15,1454.72,0,1454.72,1454.72,2023
2023-12-16,1383.35,0,1383.35,1383.35,2023
2023-12-17,1256.56,0,1256.56,1256.56,2023
2023-12-18,1388.74,0,1388.74,1388.74,2023
2023-12-19,1389.7,0,1389.7,1389.7,2023
2023-12-20,1463.3,0,1463.3,1463.3,2023
2023-12-21,1561.82,0,1561.82,1561.82,2023
2023-12-22,1656.03,0,1656.03,1656.03,2023
2023-12-23,1656.3,0,1656.3,1656.3,2023
2023-12-24,1395.82,0,1395.82,1395.82,2023
2023-12-25,1096.67,0,1096.67,1096.67,2023
2023-12-26,1538.41,0,1538.41,1538.41,2023
2023-12-27,1500.72,0,1500.72,1500.72,2023
2023-12-28,1567.35,0,1567.35,1567.35,2023
2023-12-29,1654.43,0,1654.43,1654.43,2023
2023-12-30,1864.09,0,1864.09,1864.09,2023
2023-12-31,1768.17,0,1768.17,1768.17,2023
2024-01-01,1389.52,0,1389.52,1389.52,2024
2024-01-02,1716.83,0,1716.83,1716.83,2024
2024-01-03,1679.71,0,1679.71,1679.71,2024
2024-01-04,1656.25,0,1656.25,1656.25,2024
2024-01-05,1662.09,0,1662.09,1662.09,2024
2024-01-06,1681.71,0,1681.71,1681.71,2024
2024-01-07,1473.24,0,1473.24,1473.24,2024
2024-01-08,1361.24,0,1361.24,1361.24,2024
2024-01-09,1471.06,0,1471.06,1471.06,2024
2024-01-10,1425.42,0,1425.42,1425.42,2024
2024-01-11,1435.74,0,1435.74,1435.74,2024
2024-01-12,1484.74,0,1484.74,1484.74,2024
2024-01-13,1436.82,0,1436.82,1436.82,2024
2024-01-14,1267.56,0,1267.56,1267.56,2024
2024-01-15,1383.19,0,1383.19,1383.19,2024
2024-01-16,1452.47,0,1452.47,1452.47,2024
2024-01-17,1444.38,0,1444.38,1444.38,2024
2024-01-18,1435.92,0,1435.92,1435.92,2024
2024-01-19,1375.66,0,1375.66,1375.66,2024
2024-01-20,1521.6,0,1521.6,1521.6,2024
2024-01-21,1243.46,0,1243.46,1243.46,2024
2024-01-22,1432.73,0,1432.73,1432.73,2024
2024-01-23,2967.17,0,1541.89866666667,1435.92,2024
2024-01-24,1517.11,0,1517.11,1517.11,2024
2024-01-25,1402.77,0,1402.77,1402.77,2024
2024-01-26,1429.29,0,1429.29,1429.29,2024
2024-01-27,1421.94,0,1421.94,1421.94,2024
2024-01-28,1347.6,0,1347.6,1347.6,2024
2024-01-29,1532.54,0,1532.54,1532.54,2024
2024-01-30,1603.84,0,1603.84,1603.84,2024
2024-01-31,1631.8,0,1631.8,1631.8,2024
2024-02-01,1662.25,0,1662.25,1662.25,2024
2024-02-02,1587.54,0,1587.54,1587.54,2024
2024-02-03,1582.23,0,1582.23,1582.23,2024
2024-02-04,1352.55,0,1352.55,1352.55,2024
2024-02-05,1587.11,0,1587.11,1587.11,2024
2024-02-06,1625.77,0,1625.77,1625.77,2024
2024-02-07,1532.03,0,1532.03,1532.03,2024
2024-02-08,1519.2,0,1519.2,1519.2,2024
2024-02-09,1555.5,0,1555.5,1555.5,2024
2024-02-10,1526.09,0,1526.09,1526.09,2024
2024-02-11,1263.03,0,1263.03,1263.03,2024
2024-02-12,1524.15,0,1524.15,1524.15,2024
2024-02-13,1524.86,0,1524.86,1524.86,2024
2024-02-14,1264.99,0,1264.99,1264.99,2024
2024-02-15,1284.01,0,1284.01,1284.01,2024
2024-02-16,1182.68,0,1182.68,1182.68,2024
2024-02-17,1046.8,0,1046.8,1046.8,2024
2024-02-18,883.03,0,883.03,883.03,2024
2024-02-19,1281.8,0,1281.8,1281.8,2024
2024-02-20,1351.45,0,1351.45,1351.45,2024
2024-02-21,1436.15,0,1436.15,1436.15,2024
2024-02-22,1562.6,0,1562.6,1562.6,2024
2024-02-23,1570.58,0,1570.58,1570.58,2024
2024-02-24,1494.24,0,1494.24,1494.24,2024
2024-02-25,1355.87,0,1355.87,1355.87,2024
2024-02-26,1416.48,0,1416.48,1416.48,2024
2024-02-27,1351.66,0,1351.66,1351.66,2024
2024-02-28,1446.48,0,1446.48,1446.48,2024
2024-02-29,1474.95,0,1474.95,1474.95,2024
2024-03-01,1070.41,0,1070.41,1070.41,2024
2024-03-02,1473.7,0,1473.7,1473.7,2024
2024-03-03,1294.27,0,1294.27,1294.27,2024
2024-03-04,1555.71,0,1555.71,1555.71,2024
2024-03-05,1614.74,0,1614.74,1614.74,2024
2024-03-06,1481.72,0,1481.72,1481.72,2024
2024-03-07,1537.26,0,1537.26,1537.26,2024
2024-03-08,1584.53,0,1584.53,1584.53,2024
2024-03-09,1482.5,0,1387.03866666667,1482.5,2024
2024-03-10,0,0,1372.77933333333,1464.44,2024
2024-03-11,1439.29,0,1439.29,1439.29,2024
2024-03-12,1484.1,0,1484.1,1484.1,2024
2024-03-13,1464.44,0,1464.44,1464.44,2024
2024-03-14,1464.44,0,1464.44,1464.44,2024
2024-03-15,1464.44,0,1464.44,1464.44,2024
2024-03-16,1464.44,0,1464.44,1464.44,2024
2024-03-17,1259.81,0,1259.81,1259.81,2024
2024-03-18,1436.15,0,1436.15,1436.15,2024
2024-03-19,1436.15,0,1436.15,1436.15,2024
2024-03-20,1553.88,0,1553.88,1553.88,2024
2024-03-21,1549.72,0,1549.72,1549.72,2024
2024-03-22,1549.72,0,1549.72,1549.72,2024
2024-03-23,1680.07,0,1680.07,1680.07,2024
2024-03-24,1529.6,0,1529.6,1529.6,2024
2024-03-25,1286.53,0,1286.53,1286.53,2024
2024-03-26,1286.53,0,1286.53,1286.53,2024
2024-03-27,1286.53,0,1286.53,1286.53,2024
2024-03-28,1562.94,0,1562.94,1562.94,2024
2024-03-29,1590.28,0,1590.28,1590.28,2024
2024-03-30,1747.41,0,1747.41,1747.41,2024
2024-03-31,1393.9,0,1393.9,1393.9,2024
2024-04-01,1117.18,0,1117.18,1117.18,2024
2024-04-02,1541.58,0,1541.58,1541.58,2024
2024-04-03,1464.94,0,1464.94,1464.94,2024
2024-04-04,1562.64,0,1562.64,1562.64,2024
2024-04-05,1498.14,0,1498.14,1498.14,2024
2024-04-06,1508.74,0,1508.74,1508.74,2024
2024-04-07,1179.31,0,1179.31,1179.31,2024
2024-04-08,1389.75,0,1389.75,1389.75,2024
2024-04-09,1440.34,0,1440.34,1440.34,2024
2024-04-10,1311,0,1311,1311,2024
2024-04-11,1481.49,0,1481.49,1481.49,2024
2024-04-12,1565.56,0,1565.56,1565.56,2024
2024-04-13,1529.62,0,1529.62,1529.62,2024
2024-04-14,1529.62,0,1529.62,1529.62,2024
2024-04-15,0,0,1346.596,1440.34,2024
2024-04-16,1566.95,0,1566.95,1566.95,2024
2024-04-17,1620.88,0,1620.88,1620.88,2024
2024-04-18,1571.28,0,1571.28,1571.28,2024
2024-04-19,1424.92,0,1424.92,1424.92,2024
2024-04-20,1404.21,0,1404.21,1404.21,2024
2024-04-21,1181.66,0,1181.66,1181.66,2024
2024-04-22,1181.66,0,1181.66,1181.66,2024
2024-04-23,1451.8,0,1451.8,1451.8,2024
2024-04-24,1515.06,0,1515.06,1515.06,2024
2024-04-25,1736.89,0,1736.89,1736.89,2024
2024-04-26,1575.9,0,1575.9,1575.9,2024
2024-04-27,1414.67,0,1414.67,1414.67,2024
2024-04-28,1181.98,0,1181.98,1181.98,2024
2024-04-29,1490.99,0,1490.99,1490.99,2024
2024-04-30,1537.99,0,1537.99,1537.99,2024
2024-05-01,1230.85,0,1230.85,1230.85,2024
2024-05-02,1587.55,0,1587.55,1587.55,2024
2024-05-03,1486.82,0,1486.82,1486.82,2024
2024-05-04,1404.77,0,1404.77,1404.77,2024
2024-05-05,1067.98,0,1067.98,1067.98,2024
2024-05-06,1120.33,0,1120.33,1120.33,2024
2024-05-07,1436.59,0,1436.59,1436.59,2024
2024-05-08,1361.55,0,1361.55,1361.55,2024
2024-05-09,1350.88,0,1350.88,1350.88,2024
2024-05-10,1553.19,0,1553.19,1553.19,2024
2024-05-11,1450.7,0,1450.7,1450.7,2024
2024-05-12,1459.62,0,1459.62,1459.62,2024
2024-05-13,1185.86,0,1185.86,1185.86,2024
2024-05-14,1185.86,0,1185.86,1185.86,2024
2024-05-15,1185.86,0,1185.86,1185.86,2024
2024-05-16,1185.86,0,1185.86,1185.86,2024
2024-05-17,1185.86,0,1185.86,1459.62,2024
2024-05-18,1185.86,0,1185.86,1459.62,2024
2024-05-19,1486.82,0,1364.62266666667,1486.82,2024
2024-05-20,1486.82,0,1367.75333333333,1486.82,2024
2024-05-21,1486.82,0,1387.81733333333,1486.82,2024
2024-05-22,1486.82,0,1407.88133333333,1486.82,2024
2024-05-23,1486.82,0,1427.94533333333,1486.82,2024
2024-05-24,1486.82,0,1448.00933333333,1486.82,2024
2024-05-25,1486.82,0,1486.82,1486.82,2024
2024-05-26,1486.82,0,1486.82,1486.82,2024
2024-05-27,1506.58,0,1506.58,1506.58,2024
2024-05-28,1486.82,0,1486.82,1486.82,2024
2024-05-29,1486.82,0,1486.82,1486.82,2024
2024-05-30,1486.82,0,1486.82,1486.82,2024
2024-05-31,1486.82,0,1486.82,1486.82,2024
